Segment,Customers,ChurnRate,AvgMonetary,TotalRevenue,ChurnedRevenue
At Risk,646,54.33436532507739,1611.350914860681,1040932.691,498738.88
Champions,891,0.0,5557.3254208754215,4951576.95,0.0
Loyal,1038,0.0,1984.2522842003855,2059653.871,0.0
Others,1763,62.28020419739081,487.3864957458877,859262.392,536531.531
